EmployeeID,Attrition_Probability
1,0.0
3,0.01
4,0.0
5,0.03
6,0.0
8,0.03
9,0.05
10,0.02
11,0.0
12,0.0
13,0.03
15,0.01
16,0.01
17,0.0
18,0.07
19,0.01
20,0.02
21,0.02
22,0.0
23,0.01
24,0.01
25,0.0
26,0.0
27,0.04
28,0.0
30,0.01
32,0.0
33,0.16
34,0.01
35,0.07
37,0.01
38,0.02
40,0.0
41,0.03
42,0.0
43,0.0
44,0.14
45,0.02
46,0.04
47,0.0
48,0.01
49,0.0
50,0.0
51,0.02
52,0.07
53,0.31
54,0.0
55,0.03
56,0.01
57,0.0
58,0.0
59,0.0
61,0.08
62,0.1
63,0.05
64,0.02
65,0.04
67,0.01
68,0.01
69,0.0
71,0.01
72,0.01
73,0.02
74,0.08
75,0.0
76,0.02
77,0.02
78,0.01
80,0.02
81,0.0
82,0.0
83,0.01
84,0.0
85,0.13
86,0.01
87,0.01
88,0.0
89,0.1
90,0.02
91,0.0
92,0.01
93,0.01
94,0.01
95,0.09
96,0.07
97,0.06
98,0.0
99,0.0
101,0.0
102,0.01
103,0.0
104,0.0
105,0.01
107,0.02
108,0.01
110,0.0
112,0.04
114,0.05
115,0.0
116,0.0
117,0.0
118,0.0
119,0.0
120,0.0
122,0.01
123,0.02
124,0.09
126,0.07
127,0.01
129,0.0
130,0.0
131,0.02
132,0.03
133,0.0
134,0.0
135,0.04
136,0.01
137,0.09
138,0.01
139,0.04
140,0.06
141,0.06
142,0.0
143,0.02
144,0.01
145,0.01
146,0.0
147,0.01
149,0.03
150,0.02
151,0.03
152,0.02
153,0.02
154,0.04
155,0.0
156,0.01
159,0.06
160,0.01
161,0.01
162,0.0
163,0.0
166,0.0
167,0.05
168,0.03
169,0.01
170,0.0
171,0.0
172,0.02
173,0.0
174,0.01
175,0.01
176,0.0
177,0.0
180,0.04
181,0.05
184,0.02
185,0.0
187,0.0
188,0.01
189,0.0
190,0.01
191,0.0
192,0.0
193,0.15
194,0.0
195,0.02
197,0.03
198,0.03
199,0.0
201,0.03
202,0.02
203,0.06
204,0.0
205,0.01
207,0.0
208,0.01
209,0.0
210,0.01
211,0.0
213,0.01
214,0.0
215,0.0
216,0.0
217,0.0
218,0.0
219,0.03
220,0.04
221,0.03
224,0.03
226,0.0
227,0.0
228,0.0
229,0.02
230,0.09
231,0.0
232,0.02
233,0.0
234,0.02
235,0.01
236,0.03
237,0.02
239,0.05
240,0.0
241,0.07
242,0.0
243,0.0
244,0.01
245,0.0
246,0.01
248,0.0
249,0.01
250,0.0
251,0.0
252,0.07
253,0.01
254,0.03
255,0.01
258,0.01
259,0.02
260,0.01
261,0.0
262,0.0
263,0.0
264,0.01
265,0.01
266,0.0
267,0.0
269,0.01
270,0.0
272,0.0
273,0.0
274,0.06
275,0.06
276,0.01
277,0.0
278,0.0
279,0.0
280,0.01
281,0.01
282,0.02
284,0.01
285,0.03
286,0.0
287,0.01
288,0.01
289,0.03
291,0.01
292,0.0
293,0.0
294,0.02
295,0.0
296,0.07
297,0.11
298,0.25
299,0.0
300,0.06
301,0.01
302,0.12
303,0.0
304,0.02
306,0.06
307,0.0
308,0.17
310,0.02
312,0.02
313,0.0
314,0.08
315,0.03
317,0.0
318,0.0
319,0.01
320,0.01
321,0.04
322,0.01
323,0.0
324,0.0
325,0.0
326,0.05
327,0.0
329,0.01
330,0.0
331,0.0
333,0.01
335,0.0
336,0.0
337,0.02
339,0.0
340,0.0
342,0.0
343,0.02
344,0.02
345,0.06
346,0.02
347,0.0
348,0.01
349,0.0
352,0.06
353,0.01
354,0.0
355,0.01
356,0.0
358,0.01
359,0.0
360,0.01
361,0.06
362,0.01
363,0.0
364,0.02
365,0.0
366,0.01
367,0.02
368,0.0
369,0.01
370,0.0
371,0.01
372,0.01
373,0.16
374,0.01
375,0.0
376,0.0
377,0.02
378,0.0
380,0.0
381,0.01
382,0.01
383,0.01
384,0.01
385,0.0
386,0.0
387,0.02
389,0.01
390,0.0
391,0.0
392,0.03
393,0.0
394,0.01
395,0.1
396,0.0
397,0.0
398,0.02
400,0.04
401,0.0
402,0.06
404,0.03
407,0.03
408,0.03
411,0.05
413,0.08
414,0.01
415,0.0
416,0.35
417,0.03
418,0.0
419,0.04
420,0.0
421,0.01
422,0.01
423,0.03
424,0.0
425,0.05
427,0.34
428,0.02
429,0.02
430,0.01
433,0.04
434,0.11
435,0.04
437,0.0
439,0.01
440,0.0
441,0.0
442,0.01
444,0.02
445,0.0
446,0.11
447,0.0
448,0.0
450,0.01
451,0.0
453,0.03
455,0.0
456,0.0
457,0.01
458,0.02
459,0.0
460,0.0
461,0.02
462,0.01
464,0.01
465,0.0
466,0.01
467,0.0
469,0.03
470,0.02
471,0.0
472,0.07
473,0.0
476,0.01
477,0.0
478,0.02
479,0.01
480,0.0
481,0.0
482,0.0
483,0.01
484,0.02
485,0.03
486,0.03
488,0.0
489,0.0
490,0.01
493,0.09
494,0.0
496,0.07
497,0.07
498,0.0
499,0.0
500,0.0
501,0.01
502,0.04
503,0.05
506,0.07
507,0.03
508,0.0
509,0.0
510,0.0
511,0.01
512,0.0
513,0.0
514,0.04
515,0.01
516,0.0
517,0.03
518,0.0
521,0.02
524,0.0
525,0.01
526,0.0
527,0.0
528,0.01
529,0.02
530,0.0
531,0.03
533,0.0
536,0.02
537,0.0
538,0.02
542,0.0
545,0.05
546,0.0
547,0.0
548,0.02
549,0.02
550,0.01
551,0.0
552,0.01
553,0.0
554,0.0
555,0.04
557,0.01
558,0.03
559,0.02
560,0.0
561,0.0
562,0.04
563,0.0
564,0.0
565,0.11
566,0.0
567,0.0
568,0.1
569,0.01
570,0.02
573,0.05
575,0.03
576,0.0
577,0.03
578,0.0
580,0.0
582,0.01
583,0.01
584,0.05
586,0.02
587,0.0
588,0.06
589,0.0
590,0.01
591,0.0
593,0.05
594,0.04
595,0.05
596,0.0
597,0.16
598,0.0
599,0.07
601,0.0
602,0.04
604,0.0
605,0.02
606,0.0
608,0.02
609,0.02
610,0.02
611,0.01
612,0.0
613,0.01
615,0.01
616,0.0
617,0.0
618,0.01
619,0.03
620,0.0
621,0.03
622,0.02
623,0.03
624,0.0
625,0.03
626,0.0
627,0.02
628,0.01
629,0.02
630,0.24
631,0.03
632,0.01
633,0.01
634,0.01
636,0.0
637,0.0
638,0.01
639,0.01
640,0.0
641,0.0
642,0.02
643,0.01
644,0.02
645,0.0
646,0.0
647,0.0
648,0.01
649,0.04
650,0.0
651,0.05
652,0.05
653,0.05
655,0.07
657,0.03
659,0.0
660,0.04
661,0.01
662,0.01
663,0.0
664,0.03
665,0.0
666,0.0
667,0.02
668,0.03
669,0.12
670,0.06
672,0.01
673,0.01
674,0.04
676,0.02
677,0.05
678,0.0
679,0.02
680,0.0
681,0.01
684,0.0
685,0.0
686,0.04
687,0.03
688,0.01
691,0.03
692,0.02
693,0.03
694,0.01
697,0.01
698,0.0
699,0.01
700,0.03
701,0.0
702,0.0
703,0.01
704,0.01
705,0.0
706,0.01
707,0.03
708,0.0
710,0.01
711,0.0
712,0.01
713,0.0
714,0.0
715,0.05
716,0.0
717,0.0
719,0.01
720,0.11
721,0.0
722,0.01
725,0.01
726,0.02
727,0.0
729,0.03
730,0.0
731,0.01
732,0.05
733,0.0
734,0.01
735,0.0
736,0.03
737,0.01
738,0.07
739,0.0
741,0.0
742,0.01
743,0.02
744,0.0
745,0.01
746,0.04
747,0.03
748,0.01
751,0.0
752,0.01
753,0.01
754,0.02
756,0.02
757,0.03
758,0.0
760,0.03
761,0.0
762,0.0
763,0.0
765,0.1
766,0.05
767,0.09
768,0.02
769,0.01
770,0.0
771,0.01
772,0.0
773,0.09
777,0.03
778,0.0
780,0.02
781,0.01
783,0.03
784,0.09
785,0.0
786,0.01
787,0.01
788,0.02
789,0.0
790,0.03
791,0.02
792,0.05
793,0.02
794,0.07
795,0.05
796,0.0
797,0.0
798,0.0
802,0.0
804,0.05
805,0.05
806,0.0
807,0.01
808,0.02
809,0.03
810,0.05
812,0.06
813,0.06
814,0.01
815,0.0
816,0.0
817,0.03
818,0.01
819,0.0
821,0.0
822,0.0
823,0.06
824,0.02
825,0.0
827,0.02
829,0.07
830,0.01
831,0.0
832,0.02
833,0.03
834,0.0
835,0.0
836,0.02
837,0.01
838,0.04
839,0.06
840,0.02
841,0.01
842,0.0
843,0.0
844,0.03
845,0.1
846,0.01
847,0.04
848,0.02
850,0.0
851,0.03
852,0.01
856,0.01
857,0.02
858,0.11
859,0.04
860,0.01
861,0.02
862,0.0
863,0.0
864,0.02
865,0.04
866,0.0
867,0.0
868,0.0
869,0.03
870,0.0
871,0.04
872,0.03
873,0.0
874,0.01
875,0.0
876,0.0
877,0.04
878,0.33
880,0.03
881,0.0
882,0.03
883,0.0
884,0.01
885,0.02
886,0.0
887,0.03
888,0.09
889,0.02
890,0.06
891,0.01
892,0.0
893,0.0
894,0.03
895,0.01
897,0.01
898,0.0
899,0.0
900,0.0
901,0.0
902,0.0
903,0.0
904,0.0
906,0.0
907,0.01
908,0.02
909,0.0
911,0.02
912,0.02
913,0.0
915,0.01
916,0.0
917,0.02
918,0.0
919,0.0
920,0.01
921,0.03
922,0.0
923,0.0
924,0.01
925,0.0
926,0.0
927,0.0
928,0.0
930,0.0
931,0.05
932,0.0
933,0.0
934,0.01
935,0.0
936,0.03
937,0.0
938,0.04
939,0.01
940,0.06
941,0.0
942,0.05
943,0.0
945,0.0
946,0.01
949,0.0
950,0.02
951,0.0
952,0.0
953,0.01
954,0.0
955,0.01
957,0.0
958,0.02
959,0.03
960,0.02
961,0.01
962,0.0
963,0.03
964,0.02
967,0.02
968,0.0
969,0.0
970,0.0
971,0.01
972,0.02
973,0.03
974,0.0
975,0.0
976,0.0
977,0.01
978,0.02
981,0.04
982,0.01
983,0.01
984,0.0
985,0.0
986,0.0
987,0.03
988,0.01
990,0.01
991,0.0
993,0.04
994,0.03
995,0.0
996,0.01
997,0.0
999,0.01
1001,0.04
1002,0.01
1003,0.0
1004,0.0
1006,0.02
1007,0.01
1008,0.01
1009,0.0
1010,0.0
1011,0.08
1012,0.01
1013,0.0
1015,0.0
1017,0.01
1018,0.0
1019,0.0
1020,0.01
1021,0.06
1023,0.0
1025,0.01
1026,0.01
1027,0.03
1028,0.01
1029,0.0
1030,0.05
1031,0.0
1032,0.01
1035,0.01
1036,0.05
1037,0.02
1038,0.0
1039,0.01
1042,0.0
1043,0.0
1044,0.02
1045,0.0
1046,0.01
1047,0.02
1048,0.0
1049,0.01
1050,0.0
1051,0.01
1052,0.02
1053,0.11
1054,0.03
1057,0.01
1058,0.02
1059,0.01
1060,0.02
1061,0.02
1062,0.16
1063,0.0
1064,0.0
1065,0.02
1066,0.01
1067,0.05
1068,0.0
1070,0.02
1071,0.0
1072,0.07
1073,0.01
1074,0.02
1077,0.0
1078,0.0
1079,0.01
1080,0.03
1083,0.01
1084,0.0
1085,0.06
1086,0.03
1087,0.0
1088,0.04
1089,0.0
1090,0.0
1091,0.0
1092,0.06
1093,0.01
1094,0.01
1095,0.03
1098,0.02
1099,0.01
1100,0.0
1101,0.01
1102,0.01
1103,0.09
1104,0.05
1105,0.0
1106,0.0
1107,0.11
1109,0.01
1110,0.05
1111,0.01
1113,0.0
1114,0.04
1115,0.03
1116,0.01
1117,0.03
1119,0.02
1120,0.01
1121,0.0
1123,0.01
1124,0.03
1125,0.01
1126,0.0
1127,0.04
1128,0.01
1129,0.26
1130,0.03
1131,0.0
1132,0.03
1134,0.03
1135,0.0
1136,0.01
1137,0.06
1140,0.07
1141,0.0
1142,0.0
1143,0.0
1144,0.03
1145,0.02
1146,0.0
1147,0.0
1148,0.0
1149,0.03
1150,0.01
1151,0.0
1152,0.0
1153,0.0
1154,0.04
1155,0.01
1156,0.0
1157,0.0
1158,0.09
1159,0.06
1160,0.02
1161,0.0
1162,0.01
1163,0.06
1164,0.04
1165,0.0
1166,0.04
1167,0.04
1168,0.0
1169,0.01
1170,0.03
1171,0.02
1172,0.02
1173,0.01
1174,0.01
1175,0.0
1176,0.01
1177,0.0
1178,0.03
1179,0.09
1180,0.0
1182,0.01
1183,0.0
1184,0.0
1186,0.03
1188,0.0
1189,0.0
1190,0.01
1191,0.0
1192,0.02
1193,0.11
1194,0.0
1196,0.02
1197,0.01
1198,0.0
1199,0.02
1200,0.0
1201,0.01
1202,0.05
1203,0.02
1205,0.0
1206,0.0
1207,0.06
1208,0.01
1209,0.0
1210,0.06
1211,0.0
1212,0.01
1214,0.08
1216,0.01
1217,0.05
1218,0.0
1219,0.02
1220,0.04
1221,0.02
1222,0.0
1223,0.01
1224,0.0
1225,0.0
1226,0.0
1228,0.02
1229,0.01
1230,0.1
1231,0.01
1232,0.07
1233,0.01
1235,0.0
1236,0.14
1238,0.0
1240,0.0
1241,0.0
1242,0.01
1243,0.04
1244,0.04
1245,0.01
1248,0.0
1250,0.0
1251,0.07
1252,0.03
1253,0.0
1254,0.02
1256,0.0
1257,0.02
1259,0.01
1260,0.01
1261,0.04
1262,0.01
1265,0.09
1266,0.0
1267,0.02
1268,0.03
1269,0.0
1270,0.01
1271,0.01
1272,0.0
1273,0.0
1274,0.0
1275,0.01
1276,0.02
1277,0.0
1278,0.01
1279,0.01
1280,0.01
1281,0.02
1283,0.02
1284,0.02
1285,0.11
1286,0.0
1287,0.01
1288,0.02
1289,0.0
1290,0.12
1291,0.01
1292,0.0
1293,0.01
1294,0.0
1295,0.0
1296,0.0
1297,0.03
1298,0.03
1299,0.02
1300,0.01
1301,0.02
1303,0.02
1304,0.02
1305,0.0
1306,0.01
1307,0.01
1308,0.04
1309,0.01
1310,0.0
1311,0.01
1312,0.0
1314,0.13
1316,0.04
1317,0.0
1318,0.01
1319,0.01
1321,0.03
1322,0.17
1323,0.0
1325,0.02
1326,0.02
1327,0.01
1328,0.0
1329,0.01
1330,0.0
1331,0.03
1332,0.01
1333,0.0
1334,0.0
1336,0.02
1338,0.03
1341,0.0
1342,0.0
1343,0.0
1344,0.0
1346,0.01
1347,0.02
1348,0.04
1350,0.01
1351,0.06
1352,0.07
1354,0.01
1355,0.02
1356,0.0
1357,0.01
1358,0.02
1359,0.0
1360,0.0
1361,0.01
1362,0.01
1363,0.0
1364,0.0
1365,0.08
1366,0.06
1367,0.02
1368,0.0
1369,0.0
1370,0.02
1371,0.0
1372,0.02
1373,0.01
1374,0.14
1375,0.03
1376,0.01
1377,0.01
1378,0.0
1379,0.01
1380,0.03
1381,0.01
1382,0.01
1383,0.02
1385,0.04
1386,0.02
1387,0.0
1388,0.03
1389,0.0
1391,0.01
1392,0.02
1393,0.03
1394,0.0
1396,0.01
1397,0.01
1398,0.0
1399,0.01
1400,0.02
1401,0.0
1402,0.01
1403,0.03
1404,0.03
1406,0.03
1407,0.01
1408,0.0
1409,0.0
1410,0.0
1411,0.02
1412,0.02
1413,0.07
1414,0.05
1415,0.05
1416,0.03
1419,0.01
1420,0.0
1421,0.01
1422,0.07
1424,0.02
1425,0.0
1426,0.03
1428,0.02
1431,0.0
1432,0.01
1433,0.05
1434,0.01
1435,0.02
1436,0.0
1437,0.02
1438,0.0
1439,0.0
1440,0.0
1441,0.01
1443,0.0
1444,0.01
1445,0.01
1446,0.0
1448,0.0
1450,0.04
1451,0.0
1453,0.0
1454,0.03
1455,0.03
1456,0.0
1457,0.0
1458,0.03
1459,0.0
1460,0.02
1461,0.0
1462,0.02
1464,0.0
1465,0.0
1466,0.01
1467,0.0
1468,0.01
1469,0.01
1470,0.0
1471,0.01
1473,0.01
1474,0.0
1475,0.03
1476,0.0
1478,0.03
1479,0.05
1480,0.03
1481,0.0
1482,0.0
1483,0.03
1485,0.01
1486,0.01
1487,0.0
1488,0.07
1489,0.01
1490,0.02
1491,0.03
1492,0.0
1493,0.0
1494,0.0
1495,0.0
1496,0.01
1497,0.04
1498,0.0
1500,0.01
1502,0.0
1503,0.16
1504,0.01
1505,0.07
1507,0.01
1508,0.01
1510,0.0
1511,0.02
1512,0.0
1513,0.0
1514,0.12
1515,0.02
1516,0.04
1517,0.0
1518,0.01
1519,0.0
1520,0.0
1521,0.01
1522,0.07
1523,0.29
1524,0.0
1525,0.03
1526,0.01
1527,0.0
1528,0.0
1529,0.0
1531,0.05
1532,0.1
1533,0.05
1534,0.02
1535,0.06
1537,0.01
1538,0.01
1539,0.0
1541,0.01
1542,0.0
1543,0.02
1544,0.11
1545,0.0
1546,0.02
1547,0.02
1548,0.01
1550,0.02
1551,0.0
1552,0.0
1553,0.01
1554,0.0
1555,0.14
1556,0.0
1557,0.01
1558,0.01
1559,0.1
1560,0.03
1561,0.0
1562,0.02
1563,0.01
1564,0.01
1565,0.09
1566,0.07
1567,0.06
1568,0.0
1569,0.0
1571,0.0
1572,0.01
1573,0.0
1574,0.0
1575,0.01
1577,0.02
1578,0.01
1580,0.0
1582,0.04
1584,0.04
1585,0.0
1586,0.0
1587,0.0
1588,0.0
1589,0.0
1590,0.0
1592,0.01
1593,0.02
1594,0.09
1596,0.07
1597,0.0
1599,0.0
1600,0.0
1601,0.02
1602,0.03
1603,0.0
1604,0.0
1605,0.05
1606,0.01
1607,0.09
1608,0.0
1609,0.04
1610,0.06
1611,0.06
1612,0.0
1613,0.02
1614,0.02
1615,0.01
1616,0.0
1617,0.01
1619,0.02
1620,0.02
1621,0.03
1622,0.02
1623,0.02
1624,0.04
1625,0.0
1626,0.01
1629,0.07
1630,0.0
1631,0.01
1632,0.0
1633,0.0
1636,0.0
1637,0.05
1638,0.03
1639,0.01
1640,0.0
1641,0.0
1642,0.02
1643,0.0
1644,0.01
1645,0.01
1646,0.0
1647,0.0
1650,0.03
1651,0.05
1654,0.02
1655,0.0
1657,0.0
1658,0.01
1659,0.0
1660,0.05
1661,0.0
1662,0.0
1663,0.15
1664,0.0
1665,0.02
1667,0.02
1668,0.03
1669,0.0
1671,0.03
1672,0.02
1673,0.06
1674,0.0
1675,0.01
1677,0.0
1678,0.01
1679,0.0
1680,0.01
1681,0.0
1683,0.02
1684,0.0
1685,0.0
1686,0.0
1687,0.01
1688,0.0
1689,0.03
1690,0.04
1691,0.03
1694,0.03
1696,0.0
1697,0.0
1698,0.0
1699,0.02
1700,0.09
1701,0.0
1702,0.02
1703,0.01
1704,0.02
1705,0.01
1706,0.03
1707,0.02
1709,0.05
1710,0.0
1711,0.05
1712,0.0
1713,0.0
1714,0.02
1715,0.0
1716,0.01
1718,0.0
1719,0.02
1720,0.0
1721,0.0
1722,0.07
1723,0.02
1724,0.03
1725,0.01
1728,0.01
1729,0.02
1730,0.01
1731,0.0
1732,0.0
1733,0.0
1734,0.01
1735,0.01
1736,0.0
1737,0.01
1739,0.01
1740,0.0
1742,0.0
1743,0.0
1744,0.06
1745,0.06
1746,0.02
1747,0.0
1748,0.0
1749,0.0
1750,0.01
1751,0.01
1752,0.02
1754,0.01
1755,0.03
1756,0.0
1757,0.01
1758,0.01
1759,0.02
1761,0.01
1762,0.0
1763,0.0
1764,0.02
1765,0.0
1766,0.07
1767,0.09
1768,0.26
1769,0.0
1770,0.06
1771,0.03
1772,0.12
1773,0.0
1774,0.02
1776,0.07
1777,0.01
1778,0.2
1780,0.02
1782,0.02
1783,0.0
1784,0.02
1785,0.03
1787,0.0
1788,0.0
1789,0.01
1790,0.0
1791,0.04
1792,0.01
1793,0.0
1794,0.0
1795,0.0
1796,0.05
1797,0.0
1799,0.01
1800,0.0
1801,0.0
1803,0.01
1805,0.0
1806,0.0
1807,0.01
1809,0.01
1810,0.01
1812,0.0
1813,0.02
1814,0.04
1815,0.06
1816,0.02
1817,0.01
1818,0.01
1819,0.0
1822,0.06
1823,0.01
1824,0.0
1825,0.01
1826,0.0
1828,0.01
1829,0.0
1830,0.01
1831,0.06
1832,0.01
1833,0.0
1834,0.02
1835,0.0
1836,0.01
1837,0.02
1838,0.0
1839,0.01
1840,0.0
1841,0.01
1842,0.01
1843,0.16
1844,0.01
1845,0.0
1846,0.01
1847,0.02
1848,0.0
1850,0.0
1851,0.0
1852,0.01
1853,0.02
1854,0.01
1855,0.0
1856,0.0
1857,0.02
1859,0.01
1860,0.0
1861,0.0
1862,0.03
1863,0.0
1864,0.01
1865,0.1
1866,0.0
1867,0.0
1868,0.02
1870,0.04
1871,0.01
1872,0.06
1874,0.03
1877,0.03
1878,0.02
1881,0.05
1883,0.1
1884,0.01
1885,0.0
1886,0.35
1887,0.04
1888,0.0
1889,0.04
1890,0.0
1891,0.01
1892,0.01
1893,0.03
1894,0.0
1895,0.05
1897,0.29
1898,0.02
1899,0.02
1900,0.01
1903,0.04
1904,0.04
1905,0.03
1907,0.0
1909,0.0
1910,0.0
1911,0.0
1912,0.0
1914,0.02
1915,0.0
1916,0.11
1917,0.0
1918,0.0
1920,0.01
1921,0.0
1923,0.03
1925,0.0
1926,0.0
1927,0.01
1928,0.02
1929,0.0
1930,0.0
1931,0.02
1932,0.01
1934,0.01
1935,0.0
1936,0.01
1937,0.0
1939,0.03
1940,0.02
1941,0.0
1942,0.07
1943,0.0
1946,0.02
1947,0.0
1948,0.03
1949,0.01
1950,0.0
1951,0.0
1952,0.0
1953,0.01
1954,0.0
1955,0.03
1956,0.03
1958,0.0
1959,0.0
1960,0.01
1963,0.09
1964,0.0
1966,0.07
1967,0.06
1968,0.0
1969,0.0
1970,0.0
1971,0.01
1972,0.04
1973,0.06
1976,0.09
1977,0.08
1978,0.0
1979,0.0
1980,0.0
1981,0.01
1982,0.0
1983,0.0
1984,0.04
1985,0.01
1986,0.0
1987,0.03
1988,0.0
1991,0.02
1994,0.0
1995,0.01
1996,0.0
1997,0.0
1998,0.01
1999,0.01
2000,0.0
2001,0.03
2003,0.0
2006,0.01
2007,0.0
2008,0.02
2012,0.0
2015,0.01
2016,0.0
2017,0.0
2018,0.01
2019,0.02
2020,0.01
2021,0.0
2022,0.01
2023,0.0
2024,0.0
2025,0.04
2027,0.0
2028,0.02
2029,0.02
2030,0.0
2031,0.0
2032,0.05
2033,0.0
2034,0.0
2035,0.06
2036,0.0
2037,0.0
2038,0.09
2039,0.01
2040,0.03
2043,0.06
2045,0.01
2046,0.01
2047,0.03
2048,0.0
2050,0.0
2052,0.01
2053,0.01
2054,0.05
2056,0.02
2057,0.0
2058,0.06
2059,0.0
2060,0.01
2061,0.0
2063,0.05
2064,0.04
2065,0.05
2066,0.0
2067,0.16
2068,0.0
2069,0.07
2071,0.0
2072,0.04
2074,0.0
2075,0.02
2076,0.0
2078,0.02
2079,0.02
2080,0.02
2081,0.01
2082,0.0
2083,0.01
2085,0.05
2086,0.0
2087,0.0
2088,0.01
2089,0.03
2090,0.01
2091,0.03
2092,0.02
2093,0.03
2094,0.02
2095,0.0
2096,0.0
2097,0.02
2098,0.01
2099,0.02
2100,0.24
2101,0.01
2102,0.01
2103,0.01
2104,0.05
2106,0.01
2107,0.0
2108,0.01
2109,0.01
2110,0.01
2111,0.0
2112,0.02
2113,0.01
2114,0.02
2115,0.01
2116,0.0
2117,0.0
2118,0.01
2119,0.03
2120,0.0
2121,0.05
2122,0.05
2123,0.04
2125,0.07
2127,0.01
2129,0.0
2130,0.04
2131,0.02
2132,0.01
2133,0.0
2134,0.03
2135,0.0
2136,0.0
2137,0.03
2138,0.03
2139,0.12
2140,0.06
2142,0.01
2143,0.01
2144,0.04
2146,0.01
2147,0.05
2148,0.0
2149,0.05
2150,0.0
2151,0.02
2154,0.0
2155,0.0
2156,0.04
2157,0.02
2158,0.01
2161,0.02
2162,0.02
2163,0.03
2164,0.01
2167,0.01
2168,0.0
2169,0.01
2170,0.03
2171,0.0
2172,0.0
2173,0.01
2174,0.01
2175,0.0
2176,0.01
2177,0.03
2178,0.0
2180,0.01
2181,0.0
2182,0.01
2183,0.01
2184,0.01
2185,0.06
2186,0.0
2187,0.0
2189,0.01
2190,0.11
2191,0.0
2192,0.01
2195,0.01
2196,0.02
2197,0.0
2199,0.03
2200,0.0
2201,0.01
2202,0.05
2203,0.0
2204,0.01
2205,0.0
2206,0.01
2207,0.01
2208,0.07
2209,0.0
2211,0.0
2212,0.01
2213,0.02
2214,0.0
2215,0.0
2216,0.05
2217,0.03
2218,0.01
2221,0.0
2222,0.01
2223,0.01
2224,0.02
2226,0.02
2227,0.03
2228,0.0
2230,0.03
2231,0.0
2232,0.0
2233,0.0
2235,0.06
2236,0.06
2237,0.09
2238,0.02
2239,0.01
2240,0.0
2241,0.01
2242,0.0
2243,0.08
2247,0.03
2248,0.0
2250,0.02
2251,0.01
2253,0.03
2254,0.04
2255,0.0
2256,0.01
2257,0.01
2258,0.02
2259,0.0
2260,0.03
2261,0.02
2262,0.04
2263,0.02
2264,0.08
2265,0.06
2266,0.0
2267,0.0
2268,0.0
2272,0.0
2274,0.05
2275,0.05
2276,0.0
2277,0.01
2278,0.02
2279,0.03
2280,0.06
2282,0.06
2283,0.05
2284,0.01
2285,0.0
2286,0.0
2287,0.05
2288,0.01
2289,0.0
2291,0.0
2292,0.0
2293,0.06
2294,0.02
2295,0.0
2297,0.02
2299,0.07
2300,0.01
2301,0.0
2302,0.03
2303,0.03
2304,0.0
2305,0.09
2306,0.02
2307,0.03
2308,0.04
2309,0.06
2310,0.02
2311,0.05
2312,0.0
2313,0.01
2314,0.03
2315,0.1
2316,0.02
2317,0.04
2318,0.02
2320,0.0
2321,0.01
2322,0.0
2326,0.01
2327,0.02
2328,0.11
2329,0.04
2330,0.01
2331,0.03
2332,0.0
2333,0.0
2334,0.02
2335,0.01
2336,0.0
2337,0.02
2338,0.0
2339,0.03
2340,0.0
2341,0.04
2342,0.03
2343,0.0
2344,0.01
2345,0.0
2346,0.0
2347,0.04
2348,0.33
2350,0.03
2351,0.0
2352,0.03
2353,0.0
2354,0.02
2355,0.02
2356,0.0
2357,0.03
2358,0.08
2359,0.02
2360,0.06
2361,0.01
2362,0.0
2363,0.0
2364,0.03
2365,0.02
2367,0.04
2368,0.0
2369,0.0
2370,0.0
2371,0.02
2372,0.0
2373,0.0
2374,0.0
2376,0.0
2377,0.01
2378,0.01
2379,0.0
2381,0.02
2382,0.03
2383,0.0
2385,0.01
2386,0.01
2387,0.02
2388,0.0
2389,0.0
2390,0.01
2391,0.03
2392,0.0
2393,0.0
2394,0.0
2395,0.0
2396,0.0
2397,0.0
2398,0.0
2400,0.0
2401,0.04
2402,0.0
2403,0.0
2404,0.01
2405,0.0
2406,0.02
2407,0.0
2408,0.04
2409,0.01
2410,0.05
2411,0.0
2412,0.04
2413,0.0
2415,0.0
2416,0.01
2419,0.0
2420,0.02
2421,0.01
2422,0.0
2423,0.0
2424,0.0
2425,0.01
2427,0.0
2428,0.03
2429,0.02
2430,0.02
2431,0.01
2432,0.0
2433,0.05
2434,0.02
2437,0.01
2438,0.0
2439,0.0
2440,0.0
2441,0.01
2442,0.02
2443,0.02
2444,0.0
2445,0.0
2446,0.0
2447,0.01
2448,0.02
2451,0.04
2452,0.01
2453,0.01
2454,0.0
2455,0.0
2456,0.0
2457,0.03
2458,0.01
2460,0.01
2461,0.0
2463,0.04
2464,0.04
2465,0.0
2466,0.01
2467,0.0
2469,0.01
2471,0.03
2472,0.01
2473,0.0
2474,0.0
2476,0.03
2477,0.02
2478,0.01
2479,0.0
2480,0.0
2481,0.06
2482,0.01
2483,0.0
2485,0.0
2487,0.01
2488,0.0
2489,0.0
2490,0.01
2491,0.06
2493,0.0
2495,0.01
2496,0.01
2497,0.03
2498,0.01
2499,0.0
2500,0.05
2501,0.0
2502,0.01
2505,0.01
2506,0.05
2507,0.02
2508,0.0
2509,0.01
2512,0.0
2513,0.0
2514,0.02
2515,0.0
2516,0.02
2517,0.02
2518,0.0
2519,0.01
2520,0.0
2521,0.01
2522,0.02
2523,0.11
2524,0.03
2527,0.01
2528,0.02
2529,0.01
2530,0.02
2531,0.02
2532,0.16
2533,0.0
2534,0.0
2535,0.02
2536,0.02
2537,0.06
2538,0.0
2540,0.02
2541,0.0
2542,0.07
2543,0.01
2544,0.02
2547,0.0
2548,0.0
2549,0.01
2550,0.03
2553,0.01
2554,0.0
2555,0.06
2556,0.03
2557,0.0
2558,0.04
2559,0.0
2560,0.0
2561,0.0
2562,0.06
2563,0.01
2564,0.01
2565,0.03
2568,0.02
2569,0.01
2570,0.0
2571,0.01
2572,0.01
2573,0.09
2574,0.05
2575,0.0
2576,0.0
2577,0.11
2579,0.01
2580,0.05
2581,0.01
2583,0.0
2584,0.04
2585,0.03
2586,0.01
2587,0.03
2589,0.02
2590,0.01
2591,0.0
2593,0.01
2594,0.03
2595,0.01
2596,0.0
2597,0.01
2598,0.01
2599,0.27
2600,0.03
2601,0.0
2602,0.03
2604,0.03
2605,0.0
2606,0.01
2607,0.06
2610,0.07
2611,0.0
2612,0.0
2613,0.0
2614,0.01
2615,0.02
2616,0.0
2617,0.0
2618,0.0
2619,0.04
2620,0.01
2621,0.0
2622,0.0
2623,0.0
2624,0.04
2625,0.01
2626,0.0
2627,0.0
2628,0.06
2629,0.05
2630,0.02
2631,0.0
2632,0.01
2633,0.06
2634,0.04
2635,0.0
2636,0.03
2637,0.04
2638,0.0
2639,0.01
2640,0.03
2641,0.02
2642,0.02
2643,0.03
2644,0.02
2645,0.0
2646,0.02
2647,0.0
2648,0.03
2649,0.03
2650,0.0
2652,0.0
2653,0.0
2654,0.0
2656,0.03
2658,0.0
2659,0.0
2660,0.01
2661,0.0
2662,0.02
2663,0.11
2664,0.0
2666,0.02
2667,0.01
2668,0.0
2669,0.02
2670,0.0
2671,0.01
2672,0.05
2673,0.02
2675,0.0
2676,0.0
2677,0.07
2678,0.01
2679,0.02
2680,0.06
2681,0.0
2682,0.01
2684,0.08
2686,0.01
2687,0.05
2688,0.0
2689,0.02
2690,0.04
2691,0.0
2692,0.0
2693,0.01
2694,0.0
2695,0.0
2696,0.0
2698,0.01
2699,0.01
2700,0.1
2701,0.01
2702,0.07
2703,0.01
2705,0.0
2706,0.13
2708,0.0
2710,0.0
2711,0.0
2712,0.01
2713,0.04
2714,0.04
2715,0.01
2718,0.0
2720,0.01
2721,0.07
2722,0.02
2723,0.0
2724,0.02
2726,0.02
2727,0.02
2729,0.02
2730,0.04
2731,0.04
2732,0.01
2735,0.09
2736,0.0
2737,0.07
2738,0.03
2739,0.0
2740,0.01
2741,0.01
2742,0.0
2743,0.0
2744,0.0
2745,0.01
2746,0.02
2747,0.0
2748,0.01
2749,0.01
2750,0.01
2751,0.02
2753,0.02
2754,0.01
2755,0.11
2756,0.0
2757,0.01
2758,0.02
2759,0.0
2760,0.12
2761,0.01
2762,0.0
2763,0.01
2764,0.0
2765,0.0
2766,0.0
2767,0.03
2768,0.03
2769,0.02
2770,0.01
2771,0.02
2773,0.02
2774,0.02
2775,0.0
2776,0.01
2777,0.01
2778,0.04
2779,0.0
2780,0.0
2781,0.01
2782,0.0
2784,0.13
2786,0.04
2787,0.0
2788,0.01
2789,0.02
2791,0.03
2792,0.17
2793,0.0
2795,0.0
2796,0.02
2797,0.01
2798,0.0
2799,0.03
2800,0.02
2801,0.03
2802,0.01
2803,0.0
2804,0.0
2806,0.02
2808,0.04
2811,0.0
2812,0.0
2813,0.0
2814,0.0
2816,0.0
2817,0.01
2818,0.04
2820,0.0
2821,0.05
2822,0.07
2824,0.01
2825,0.02
2826,0.0
2827,0.01
2828,0.02
2829,0.0
2830,0.0
2831,0.01
2832,0.01
2833,0.0
2834,0.0
2835,0.08
2836,0.06
2837,0.01
2838,0.0
2839,0.0
2840,0.02
2841,0.0
2842,0.02
2843,0.01
2844,0.14
2845,0.03
2846,0.01
2847,0.01
2848,0.0
2849,0.01
2850,0.03
2851,0.01
2852,0.01
2853,0.02
2855,0.04
2856,0.02
2857,0.0
2858,0.02
2859,0.0
2861,0.01
2862,0.02
2863,0.03
2864,0.0
2866,0.01
2867,0.01
2868,0.0
2869,0.0
2870,0.02
2871,0.0
2872,0.01
2873,0.03
2874,0.03
2876,0.03
2877,0.01
2878,0.0
2879,0.0
2880,0.0
2881,0.02
2882,0.02
2883,0.07
2884,0.05
2885,0.05
2886,0.03
2889,0.0
2890,0.01
2891,0.01
2892,0.03
2894,0.1
2895,0.0
2896,0.03
2898,0.02
2901,0.0
2902,0.01
2903,0.04
2904,0.02
2905,0.02
2906,0.0
2907,0.02
2908,0.0
2909,0.0
2910,0.0
2911,0.02
2913,0.0
2914,0.0
2915,0.0
2916,0.0
2918,0.0
2920,0.04
2921,0.01
2923,0.0
2924,0.03
2925,0.05
2926,0.0
2927,0.0
2928,0.03
2929,0.0
2930,0.02
2931,0.0
2932,0.02
2934,0.0
2935,0.0
2936,0.0
2937,0.0
2938,0.01
2939,0.03
2940,0.0
2941,0.0
2943,0.01
2944,0.0
2945,0.04
2946,0.0
2948,0.03
2949,0.05
2950,0.02
2951,0.0
2952,0.0
2953,0.03
2955,0.01
2956,0.01
2957,0.0
2958,0.07
2959,0.01
2960,0.02
2961,0.02
2962,0.0
2963,0.02
2964,0.0
2965,0.0
2966,0.01
2967,0.04
2968,0.0
2970,0.01
2972,0.0
2973,0.16
2974,0.01
2975,0.07
2977,0.01
2978,0.01
2980,0.0
2981,0.02
2982,0.01
2983,0.0
2984,0.09
2985,0.02
2986,0.04
2987,0.0
2988,0.01
2989,0.0
2990,0.0
2991,0.01
2992,0.07
2993,0.31
2994,0.0
2995,0.03
2996,0.01
2997,0.02
2998,0.0
2999,0.01
3001,0.04
3002,0.1
3003,0.05
3004,0.02
3005,0.04
3007,0.01
3008,0.01
3009,0.0
3011,0.01
3012,0.01
3013,0.02
3014,0.08
3015,0.0
3016,0.02
3017,0.02
3018,0.01
3020,0.02
3021,0.0
3022,0.0
3023,0.01
3024,0.0
3025,0.14
3026,0.01
3027,0.01
3028,0.0
3029,0.1
3030,0.02
3031,0.0
3032,0.01
3033,0.01
3034,0.01
3035,0.09
3036,0.07
3037,0.06
3038,0.0
3039,0.0
3041,0.0
3042,0.01
3043,0.0
3044,0.0
3045,0.01
3047,0.02
3048,0.01
3050,0.0
3052,0.04
3054,0.04
3055,0.0
3056,0.0
3057,0.0
3058,0.0
3059,0.0
3060,0.0
3062,0.0
3063,0.02
3064,0.09
3066,0.07
3067,0.0
3069,0.0
3070,0.0
3071,0.02
3072,0.02
3073,0.0
3074,0.0
3075,0.04
3076,0.01
3077,0.09
3078,0.01
3079,0.04
3080,0.06
3081,0.06
3082,0.0
3083,0.03
3084,0.01
3085,0.01
3086,0.0
3087,0.01
3089,0.02
3090,0.02
3091,0.03
3092,0.02
3093,0.02
3094,0.04
3095,0.0
3096,0.01
3099,0.06
3100,0.0
3101,0.01
3102,0.0
3103,0.0
3106,0.0
3107,0.05
3108,0.03
3109,0.01
3110,0.0
3111,0.0
3112,0.02
3113,0.0
3114,0.01
3115,0.0
3116,0.0
3117,0.0
3120,0.04
3121,0.04
3124,0.02
3125,0.0
3127,0.0
3128,0.01
3129,0.0
3130,0.01
3131,0.0
3132,0.0
3133,0.15
3134,0.0
3135,0.02
3137,0.02
3138,0.03
3139,0.0
3141,0.03
3142,0.02
3143,0.06
3144,0.0
3145,0.01
3147,0.0
3148,0.01
3149,0.0
3150,0.01
3151,0.0
3153,0.01
3154,0.0
3155,0.0
3156,0.0
3157,0.01
3158,0.0
3159,0.03
3160,0.04
3161,0.03
3164,0.03
3166,0.0
3167,0.0
3168,0.0
3169,0.02
3170,0.1
3171,0.0
3172,0.02
3173,0.0
3174,0.02
3175,0.01
3176,0.02
3177,0.01
3179,0.05
3180,0.0
3181,0.06
3182,0.0
3183,0.01
3184,0.01
3185,0.0
3186,0.01
3188,0.0
3189,0.01
3190,0.0
3191,0.0
3192,0.07
3193,0.01
3194,0.02
3195,0.01
3198,0.01
3199,0.02
3200,0.01
3201,0.0
3202,0.0
3203,0.0
3204,0.01
3205,0.01
3206,0.0
3207,0.01
3209,0.01
3210,0.0
3212,0.0
3213,0.01
3214,0.06
3215,0.06
3216,0.01
3217,0.0
3218,0.0
3219,0.0
3220,0.02
3221,0.01
3222,0.02
3224,0.0
3225,0.03
3226,0.0
3227,0.01
3228,0.01
3229,0.02
3231,0.01
3232,0.0
3233,0.0
3234,0.02
3235,0.0
3236,0.07
3237,0.09
3238,0.25
3239,0.0
3240,0.06
3241,0.02
3242,0.12
3243,0.0
3244,0.02
3246,0.07
3247,0.01
3248,0.21
3250,0.01
3252,0.03
3253,0.0
3254,0.02
3255,0.03
3257,0.0
3258,0.0
3259,0.01
3260,0.0
3261,0.05
3262,0.01
3263,0.0
3264,0.0
3265,0.0
3266,0.05
3267,0.0
3269,0.01
3270,0.0
3271,0.0
3273,0.01
3275,0.0
3276,0.0
3277,0.01
3279,0.01
3280,0.01
3282,0.0
3283,0.02
3284,0.04
3285,0.06
3286,0.02
3287,0.01
3288,0.01
3289,0.0
3292,0.06
3293,0.01
3294,0.0
3295,0.01
3296,0.01
3298,0.01
3299,0.0
3300,0.01
3301,0.06
3302,0.01
3303,0.0
3304,0.02
3305,0.0
3306,0.01
3307,0.02
3308,0.0
3309,0.01
3310,0.0
3311,0.01
3312,0.01
3313,0.17
3314,0.01
3315,0.0
3316,0.01
3317,0.02
3318,0.0
3320,0.0
3321,0.0
3322,0.01
3323,0.01
3324,0.01
3325,0.0
3326,0.0
3327,0.02
3329,0.01
3330,0.0
3331,0.0
3332,0.03
3333,0.0
3334,0.01
3335,0.11
3336,0.0
3337,0.0
3338,0.02
3340,0.04
3341,0.0
3342,0.06
3344,0.04
3347,0.03
3348,0.04
3351,0.05
3353,0.12
3354,0.01
3355,0.0
3356,0.35
3357,0.03
3358,0.0
3359,0.04
3360,0.0
3361,0.01
3362,0.01
3363,0.03
3364,0.0
3365,0.05
3367,0.3
3368,0.03
3369,0.02
3370,0.01
3373,0.04
3374,0.05
3375,0.02
3377,0.0
3379,0.01
3380,0.01
3381,0.0
3382,0.01
3384,0.02
3385,0.0
3386,0.06
3387,0.0
3388,0.0
3390,0.01
3391,0.0
3393,0.03
3395,0.0
3396,0.0
3397,0.01
3398,0.02
3399,0.0
3400,0.0
3401,0.02
3402,0.01
3404,0.01
3405,0.0
3406,0.01
3407,0.0
3409,0.03
3410,0.02
3411,0.0
3412,0.07
3413,0.0
3416,0.0
3417,0.0
3418,0.03
3419,0.01
3420,0.0
3421,0.0
3422,0.0
3423,0.01
3424,0.09
3425,0.03
3426,0.03
3428,0.0
3429,0.0
3430,0.01
3433,0.09
3434,0.0
3436,0.09
3437,0.06
3438,0.0
3439,0.0
3440,0.0
3441,0.01
3442,0.04
3443,0.05
3446,0.07
3447,0.04
3448,0.0
3449,0.0
3450,0.0
3451,0.01
3452,0.01
3453,0.0
3454,0.04
3455,0.01
3456,0.0
3457,0.03
3458,0.0
3461,0.02
3464,0.0
3465,0.01
3466,0.0
3467,0.0
3468,0.0
3469,0.01
3470,0.0
3471,0.03
3473,0.0
3476,0.01
3477,0.0
3478,0.02
3482,0.0
3485,0.02
3486,0.0
3487,0.0
3488,0.02
3489,0.02
3490,0.01
3491,0.0
3492,0.01
3493,0.0
3494,0.0
3495,0.04
3497,0.0
3498,0.03
3499,0.02
3500,0.0
3501,0.0
3502,0.04
3503,0.0
3504,0.0
3505,0.04
3506,0.0
3507,0.0
3508,0.1
3509,0.01
3510,0.02
3513,0.04
3515,0.01
3516,0.0
3517,0.03
3518,0.01
3520,0.0
3522,0.01
3523,0.01
3524,0.05
3526,0.02
3527,0.0
3528,0.06
3529,0.0
3530,0.01
3531,0.0
3533,0.05
3534,0.04
3535,0.06
3536,0.0
3537,0.16
3538,0.0
3539,0.07
3541,0.0
3542,0.04
3544,0.01
3545,0.02
3546,0.0
3548,0.02
3549,0.02
3550,0.02
3551,0.01
3552,0.0
3553,0.0
3555,0.01
3556,0.0
3557,0.0
3558,0.01
3559,0.03
3560,0.0
3561,0.03
3562,0.02
3563,0.03
3564,0.0
3565,0.0
3566,0.0
3567,0.02
3568,0.01
3569,0.02
3570,0.25
3571,0.03
3572,0.01
3573,0.01
3574,0.01
3576,0.01
3577,0.0
3578,0.01
3579,0.01
3580,0.0
3581,0.0
3582,0.02
3583,0.01
3584,0.02
3585,0.0
3586,0.0
3587,0.0
3588,0.01
3589,0.03
3590,0.0
3591,0.04
3592,0.05
3593,0.04
3595,0.07
3597,0.01
3599,0.0
3600,0.04
3601,0.02
3602,0.01
3603,0.0
3604,0.03
3605,0.0
3606,0.0
3607,0.03
3608,0.03
3609,0.12
3610,0.06
3612,0.01
3613,0.01
3614,0.04
3616,0.03
3617,0.06
3618,0.0
3619,0.02
3620,0.0
3621,0.02
3624,0.0
3625,0.0
3626,0.04
3627,0.03
3628,0.01
3631,0.02
3632,0.02
3633,0.03
3634,0.01
3637,0.01
3638,0.0
3639,0.0
3640,0.03
3641,0.0
3642,0.0
3643,0.01
3644,0.01
3645,0.0
3646,0.01
3647,0.03
3648,0.0
3650,0.01
3651,0.0
3652,0.01
3653,0.0
3654,0.0
3655,0.05
3656,0.0
3657,0.0
3659,0.01
3660,0.11
3661,0.0
3662,0.01
3665,0.0
3666,0.02
3667,0.0
3669,0.02
3670,0.0
3671,0.01
3672,0.05
3673,0.0
3674,0.01
3675,0.0
3676,0.01
3677,0.01
3678,0.07
3679,0.0
3681,0.0
3682,0.01
3683,0.02
3684,0.0
3685,0.01
3686,0.05
3687,0.03
3688,0.01
3691,0.0
3692,0.01
3693,0.01
3694,0.01
3696,0.02
3697,0.03
3698,0.0
3700,0.03
3701,0.0
3702,0.0
3703,0.0
3705,0.07
3706,0.05
3707,0.09
3708,0.02
3709,0.01
3710,0.0
3711,0.01
3712,0.0
3713,0.09
3717,0.03
3718,0.0
3720,0.02
3721,0.01
3723,0.02
3724,0.05
3725,0.0
3726,0.01
3727,0.01
3728,0.02
3729,0.0
3730,0.03
3731,0.02
3732,0.04
3733,0.02
3734,0.07
3735,0.05
3736,0.0
3737,0.0
3738,0.0
3742,0.0
3744,0.05
3745,0.06
3746,0.0
3747,0.01
3748,0.02
3749,0.02
3750,0.05
3752,0.06
3753,0.05
3754,0.01
3755,0.0
3756,0.0
3757,0.03
3758,0.01
3759,0.0
3761,0.0
3762,0.02
3763,0.06
3764,0.01
3765,0.0
3767,0.02
3769,0.07
3770,0.01
3771,0.0
3772,0.02
3773,0.03
3774,0.0
3775,0.01
3776,0.02
3777,0.01
3778,0.04
3779,0.04
3780,0.02
3781,0.0
3782,0.0
3783,0.01
3784,0.03
3785,0.1
3786,0.04
3787,0.04
3788,0.02
3790,0.0
3791,0.01
3792,0.01
3796,0.01
3797,0.02
3798,0.11
3799,0.04
3800,0.01
3801,0.02
3802,0.0
3803,0.0
3804,0.02
3805,0.03
3806,0.0
3807,0.02
3808,0.0
3809,0.03
3810,0.0
3811,0.04
3812,0.03
3813,0.0
3814,0.02
3815,0.0
3816,0.0
3817,0.03
3818,0.33
3820,0.03
3821,0.0
3822,0.03
3823,0.0
3824,0.02
3825,0.02
3826,0.0
3827,0.03
3828,0.09
3829,0.02
3830,0.06
3831,0.01
3832,0.0
3833,0.0
3834,0.03
3835,0.01
3837,0.01
3838,0.0
3839,0.0
3840,0.0
3841,0.0
3842,0.01
3843,0.0
3844,0.0
3846,0.01
3847,0.01
3848,0.01
3849,0.0
3851,0.02
3852,0.02
3853,0.0
3855,0.01
3856,0.0
3857,0.02
3858,0.0
3859,0.0
3860,0.01
3861,0.03
3862,0.0
3863,0.0
3864,0.0
3865,0.0
3866,0.0
3867,0.0
3868,0.0
3870,0.0
3871,0.04
3872,0.0
3873,0.0
3874,0.01
3875,0.0
3876,0.03
3877,0.0
3878,0.04
3879,0.02
3880,0.07
3881,0.0
3882,0.05
3883,0.0
3885,0.0
3886,0.01
3889,0.0
3890,0.02
3891,0.0
3892,0.0
3893,0.0
3894,0.0
3895,0.01
3897,0.0
3898,0.06
3899,0.03
3900,0.02
3901,0.01
3902,0.0
3903,0.03
3904,0.02
3907,0.01
3908,0.0
3909,0.0
3910,0.0
3911,0.02
3912,0.02
3913,0.03
3914,0.01
3915,0.0
3916,0.0
3917,0.01
3918,0.02
3921,0.04
3922,0.01
3923,0.01
3924,0.0
3925,0.0
3926,0.0
3927,0.03
3928,0.01
3930,0.01
3931,0.0
3933,0.04
3934,0.03
3935,0.0
3936,0.01
3937,0.0
3939,0.01
3941,0.04
3942,0.01
3943,0.0
3944,0.0
3946,0.03
3947,0.0
3948,0.01
3949,0.0
3950,0.0
3951,0.08
3952,0.01
3953,0.02
3955,0.0
3957,0.01
3958,0.01
3959,0.0
3960,0.01
3961,0.06
3963,0.0
3965,0.03
3966,0.0
3967,0.03
3968,0.01
3969,0.0
3970,0.05
3971,0.0
3972,0.01
3975,0.01
3976,0.05
3977,0.01
3978,0.0
3979,0.01
3982,0.0
3983,0.0
3984,0.02
3985,0.0
3986,0.01
3987,0.01
3988,0.0
3989,0.01
3990,0.0
3991,0.01
3992,0.02
3993,0.11
3994,0.03
3997,0.01
3998,0.02
3999,0.01
4000,0.02
4001,0.02
4002,0.16
4003,0.0
4004,0.0
4005,0.02
4006,0.01
4007,0.04
4008,0.0
4010,0.04
4011,0.01
4012,0.06
4013,0.02
4014,0.02
4017,0.0
4018,0.0
4019,0.01
4020,0.03
4023,0.01
4024,0.0
4025,0.06
4026,0.03
4027,0.0
4028,0.04
4029,0.0
4030,0.0
4031,0.01
4032,0.06
4033,0.01
4034,0.01
4035,0.03
4038,0.02
4039,0.01
4040,0.0
4041,0.01
4042,0.01
4043,0.09
4044,0.05
4045,0.01
4046,0.0
4047,0.11
4049,0.01
4050,0.04
4051,0.01
4053,0.0
4054,0.04
4055,0.03
4056,0.01
4057,0.02
4059,0.02
4060,0.01
4061,0.0
4063,0.01
4064,0.03
4065,0.01
4066,0.0
4067,0.01
4068,0.01
4069,0.26
4070,0.02
4071,0.0
4072,0.03
4074,0.02
4075,0.0
4076,0.01
4077,0.06
4080,0.04
4081,0.0
4082,0.0
4083,0.0
4084,0.02
4085,0.02
4086,0.0
4087,0.0
4088,0.0
4089,0.03
4090,0.01
4091,0.0
4092,0.0
4093,0.0
4094,0.04
4095,0.01
4096,0.0
4097,0.0
4098,0.06
4099,0.06
4100,0.02
4101,0.0
4102,0.01
4103,0.06
4104,0.04
4105,0.0
4106,0.04
4107,0.04
4108,0.01
4109,0.01
4110,0.02
4111,0.02
4112,0.02
4113,0.04
4114,0.01
4115,0.0
4116,0.01
4117,0.01
4118,0.03
4119,0.04
4120,0.0
4122,0.0
4123,0.0
4124,0.0
4126,0.03
4128,0.0
4129,0.0
4130,0.01
4131,0.0
4132,0.02
4133,0.11
4134,0.0
4136,0.02
4137,0.01
4138,0.0
4139,0.02
4140,0.0
4141,0.02
4142,0.05
4143,0.02
4145,0.0
4146,0.0
4147,0.04
4148,0.01
4149,0.02
4150,0.06
4151,0.0
4152,0.01
4154,0.08
4156,0.01
4157,0.05
4158,0.0
4159,0.02
4160,0.04
4161,0.0
4162,0.0
4163,0.01
4164,0.0
4165,0.0
4166,0.0
4168,0.01
4169,0.01
4170,0.1
4171,0.02
4172,0.07
4173,0.01
4175,0.0
4176,0.13
4178,0.0
4180,0.0
4181,0.0
4182,0.03
4183,0.04
4184,0.04
4185,0.01
4188,0.0
4190,0.0
4191,0.07
4192,0.02
4193,0.0
4194,0.02
4196,0.01
4197,0.02
4199,0.01
4200,0.01
4201,0.04
4202,0.01
4205,0.09
4206,0.0
4207,0.02
4208,0.03
4209,0.0
4210,0.01
4211,0.01
4212,0.0
4213,0.0
4214,0.0
4215,0.01
4216,0.02
4217,0.02
4218,0.01
4219,0.01
4220,0.0
4221,0.02
4223,0.02
4224,0.01
4225,0.11
4226,0.0
4227,0.01
4228,0.02
4229,0.0
4230,0.12
4231,0.01
4232,0.0
4233,0.01
4234,0.0
4235,0.0
4236,0.0
4237,0.03
4238,0.03
4239,0.02
4240,0.01
4241,0.02
4243,0.02
4244,0.02
4245,0.01
4246,0.01
4247,0.01
4248,0.04
4249,0.0
4250,0.0
4251,0.01
4252,0.0
4254,0.14
4256,0.04
4257,0.0
4258,0.01
4259,0.01
4261,0.03
4262,0.17
4263,0.0
4265,0.0
4266,0.02
4267,0.01
4268,0.0
4269,0.01
4270,0.02
4271,0.03
4272,0.01
4273,0.0
4274,0.0
4276,0.02
4278,0.03
4281,0.0
4282,0.0
4283,0.0
4284,0.0
4286,0.01
4287,0.01
4288,0.04
4290,0.0
4291,0.06
4292,0.07
4294,0.01
4295,0.02
4296,0.0
4297,0.01
4298,0.02
4299,0.0
4300,0.0
4301,0.01
4302,0.01
4303,0.0
4304,0.0
4305,0.08
4306,0.0
4307,0.02
4308,0.0
4309,0.0
4310,0.04
4311,0.0
4312,0.02
4313,0.01
4314,0.14
4315,0.03
4316,0.02
4317,0.01
4318,0.0
4319,0.01
4320,0.03
4321,0.01
4322,0.01
4323,0.02
4325,0.04
4326,0.01
4327,0.0
4328,0.02
4329,0.0
4331,0.01
4332,0.02
4333,0.04
4334,0.0
4336,0.01
4337,0.01
4338,0.0
4339,0.0
4340,0.02
4341,0.0
4342,0.01
4343,0.03
4344,0.02
4346,0.03
4347,0.01
4348,0.0
4349,0.0
4350,0.0
4351,0.02
4352,0.02
4353,0.07
4354,0.05
4355,0.05
4356,0.03
4359,0.0
4360,0.0
4361,0.01
4362,0.03
4364,0.02
4365,0.0
4366,0.03
4368,0.02
4371,0.0
4372,0.01
4373,0.04
4374,0.01
4375,0.02
4376,0.0
4377,0.02
4378,0.0
4379,0.0
4380,0.0
4381,0.0
4383,0.0
4384,0.0
4385,0.0
4386,0.0
4388,0.0
4390,0.04
4391,0.05
4393,0.01
4394,0.03
4395,0.02
4396,0.0
4397,0.0
4398,0.03
4399,0.0
4400,0.02
4401,0.0
4402,0.02
4404,0.0
4405,0.0
4406,0.0
4407,0.0
4408,0.01
4409,0.03
4410,0.01
